{"cameraMode":{"drawMode":0,"name":"Shaded","section":"Shading Mode"},"sceneLighting":true,"audioPlay":false,"sceneViewState":{"showFog":true,"showMaterialUpdate":false,"showSkybox":true,"showFlares":true,"showImageEffects":true,"showParticleSystems":true},"in2DMode":false,"pivot":{"x":-0.1663021445274353,"y":-19.198734283447267,"z":1.6821413040161133},"rotation":{"x":-0.6618932485580444,"y":0.003337608417496085,"z":-0.002973265713080764,"w":-0.7496510744094849},"size":10.0,"orthographic":false}